Ab S. 14; Annotierung (Angabe Nummer in Anahngscheckliste) ;Gesch„ftsjahr;Gesellschaft;Abschlussart;Prfer
Anhang fr das Gesch„ftsjahr vom 1. November 2015 bis 31. Oktober 2016;;2015/16;AG;Jahresabschluss;WIBERA
I. Allgemeine Angaben zum Jahresabschluss;;2015/16;AG;Jahresabschluss;WIBERA
"Die Gliederung des Jahresabschlusses der Bayerische Zugspitzbahn Bergbahn AG (nachfolgend BZB) entspricht den õõ 266 und 275
HGB sowie den õõ 150 bis 158 AktG, unter Bercksichtigung der besonderen Gliederung des Jahresabschlusses von
Verkehrsunternehmen gem„á Verordnung vom 13. Juli 1988 des Bundesjustizministers. Die Bilanzierungs- und Bewertungsmethoden
wurden stetig angewendet, die Vorjahreszahlen sind vergleichbar."; 8 ;2015/16;AG;Jahresabschluss;WIBERA
Die Gesellschaft wird in keinen Konzernabschluss einbezogen.;;2015/16;AG;Jahresabschluss;WIBERA
II. Bilanzierungs- und Bewertungsgrunds„tze;;2015/16;AG;Jahresabschluss;WIBERA
"Die i mmateriellen Verm”gensgegenst„nde und Sachanlagen sind zu Anschaffungs- bzw. Herstellungskosten abzglich
erhaltener Zuschsse angesetzt, die um planm„áige und auáerplanm„áige Abschreibungen unter Zugrundelegung der
wirtschaftlichen Nutzungsdauer fr die Bereiche Seilschwebebahnen und Schlepplifte, Personen- und Gterverkehr sowie das
Gastgewerbe vermindert werden."; 8.2,8.7 ;2015/16;AG;Jahresabschluss;WIBERA
Fr die Berechnung der Abschreibungen werden folgende Nutzungsdauern zugrunde gelegt:; 8.2,8.7 ;2015/16;AG;Jahresabschluss;WIBERA
"- Gesch„fts, Betriebs- und andere Bauten 5 ? 99 Jahre
- Bahnk”rper und Bauten des Schienenwegs 37 ? 38 Jahre
- Gleis-/Stromversorgungsanlagen, Streckenausrstung 10 ? 37 Jahre
- Fahrzeuge fr Personen- und Gterverkehr 5 ? 25 Jahre
- Sonstige Maschinen und maschinelle Anlagen 5 ? 25 Jahre
- Andere Anlagen, Betriebs- und Gesch„ftsausstattung 3 ? 23 Jahre"; 8.2,8.7 ;2015/16;AG;Jahresabschluss;WIBERA
"Der Gesch„fts- und Firmenwert resultiert aus einem Asset Deal, bei dem im ersten Schritt die erworbenen
Verm”gensgegenst„nde bewertet werden und die Differenz zum Kaufpreis unter diesem Posten bilanziert wird. Der Gesch„fts- und
Firmenwert wird auf fnf Jahre abgeschrieben. Auáerplanm„áige Abschreibungen werden vorgenommen, wenn dauernder
Wertminderungsbedarf vorliegt."; 8.5,14 ;2015/16;AG;Jahresabschluss;WIBERA
"Die Anteile an verbundenen Unternehmen und Beteiligungsgesellschaften sind mit den Anschaffungskosten angesetzt.
Abschreibungen werden gebucht, sofern dauerhafte Wertminderungen bestehen."; 8.13,8.15 ;2015/16;AG;Jahresabschluss;WIBERA
"Die in den Vorr„ten enthaltenen Hilfs- und Betriebsstoffe sowie Waren sind mit Ausnahme der zu Festwerten angesetzten
Ersatzteile, Kleinmaterialien und Werkzeuge zu Anschaffungskosten aktiviert. Voraussichtliche Wertminderungen werden durch
entsprechende Abschl„ge berichtigt. Das Wahlrecht zum Einbezug von Fremdkapitalzinsen in die Herstellungskosten wird nicht
ausgebt."; 8.20 ;2015/16;AG;Jahresabschluss;WIBERA
"Die Forderungen und s onstigen Verm”gensgegenst„nde sind mit ihrem Nominalwert angesetzt, wobei fr erkennbare
Einzelrisiken und fr das allgemeine Kreditrisiko angemessene Wertberichtigungen vorgenommen wurden."; 8.25 ;2015/16;AG;Jahresabschluss;WIBERA
Der Kassenbestand sowie die Guthaben bei Kreditinstituten entsprechen den Nominalwerten.; 8.33 ;2015/16;AG;Jahresabschluss;WIBERA
Die Rechnungsabgrenzungen werden zeitanteilig vorgenommen.; 8.34 ;2015/16;AG;Jahresabschluss;WIBERA
Das Eigenkapital wird unter Bercksichtigung der gesetzlichen und satzungsm„áigen Vorschriften ausgewiesen.; 8.37 ;2015/16;AG;Jahresabschluss;WIBERA
"Die Pensionsrckstellungen werden nach dem Anwartschaftsbarwertverfahren errechnet. Es wird ein Diskontierungszinssatz von
4,06 % (Vorjahr 4,0 %) verwendet, der Rententrend betr„gt 2,0 %, die Fluktuation wird mit 0 % bercksichtigt. Beim
Diskontierungssatz wird die Vereinfachung nach õ 253 Abs. II S. 2 HGB angewendet. Bei der Berechnung werden die sog.
Heubeck'schen Richttafeln 2005 G zu Grunde gelegt. Die Versorgungsverpflichtungen umfassen Alters-, Invaliden-, Waisen- und
Witwenrenten. Der Aufwand aus der Zinssatz„nderung wird im Finanzergebnis ausgewiesen. Der Unterschiedsbetrag gem„á õ 253
Abs. 6 HGB zwischen dem Ansatz der Rckstellungen nach Maágabe des entsprechenden durchschnittlichen Marktzinssatzes aus den
vergangenen sieben Gesch„ftsjahren (3,32 %) und dem Ansatz der Rckstellungen nach Maágabe des entsprechenden
durchschnittlichen Marktzinssatzes aus den vergangenen zehn Gesch„ftsjahren (4,06 %) betr„gt T? 94."; 8.48,41,42 ;2015/16;AG;Jahresabschluss;WIBERA
"Bei der Bemessung der sonstigen Rckstellungen ist erkennbaren Risiken sowie ungewissen Verbindlichkeiten in ausreichender
H”he Rechnung getragen. Rckgestellt wird der Erfllungsbetrag, eine Abzinsung von langfristigen Rckstellungen auf den Barwert
wird gem. õ 253 II HGB vorgenommen."; 8.50 ;2015/16;AG;Jahresabschluss;WIBERA
Die Verbindlichkeiten sind mit ihrem Erfllungsbetrag bzw. Nennwert angesetzt.; 8.51 ;2015/16;AG;Jahresabschluss;WIBERA
Der Rechnungsabgrenzungsposten enth„lt Einzahlungen, die erst in den Folgejahren Einnahmen darstellen.; 8.63 ;2015/16;AG;Jahresabschluss;WIBERA
"Die Bewertung von Fremdw„hrungsforderungen und -verbindlichkeiten erfolgt zu dem am Entstehungstag maágeblichen
Wechselkurs. Die Bewertung am Bilanzstichtag erfolgt gem. õ 256a HGB."; 8 ;2015/16;AG;Jahresabschluss;WIBERA
"Die Gesellschaft ist eine Organgesellschaft, die Organtr„gerin sind die Gemeindewerke Garmisch-Partenkirchen. Ein
Steuerumlagevertrag besteht nicht. Aus diesem Grund sind bei der Gesellschaft keine latenten Steuern zu bilden."; 8.35,8.64 ;2015/16;AG;Jahresabschluss;WIBERA
Die Umsatzerl”se werden zum Zeitpunkt der Leistungserbringung eingebucht.; 8.66 ;2015/16;AG;Jahresabschluss;WIBERA
III. Jahresabschlusserl„uterungen;;2015/16;AG;Jahresabschluss;WIBERA
Bilanz ? Aktiva; 4   ;2015/16;AG;Jahresabschluss;WIBERA
(1) Entwicklung des Anlageverm”gens;;2015/16;AG;Jahresabschluss;WIBERA
Das Anlagengitter gem. õ 268 Abs. 2 HGB wird am Ende des Anhangs dargestellt.; 4.1,15 ;2015/16;AG;Jahresabschluss;WIBERA
(2) Aufstellung des Anteilsbesitzes;;2015/16;AG;Jahresabschluss;WIBERA
"Beteiligungsquote
%
Eigenkapital
TEUR
Ergebnis des
Gesch„ftsjahres
2015/2016
TEUR
1. Verbundene Unternehmen
Tiroler Zugspitzbahn GmbH, Garmisch-Partenkirchen 100 26 0,0
2. Beteiligungen
Eibsee-Verkehrsgesellschaft mbH & Co. KG, Garmisch-Partenkirchen 50 102 * 21,6 *
Eibsee-Verkehrsgesellschaft Verwaltungs-GmbH, Garmisch-
Partenkirchen
50 25 * 0,9 *
* Gesch„ftsjahr 2014/2015; der Jahresabschluss zum 31.10.2016 lag zum Zeitpunkt der Erstellung des Anhangs noch nicht vor."; 4.15,94 ;2015/16;AG;Jahresabschluss;WIBERA
"Gem„á õ 290 Abs. 5 HGB ist die BZB von der Erstellung eines Konzernabschlusses befreit, da die Gesellschaft nur
Tochterunternehmen hat, die gem„á õ 296 HGB nicht in den Konzernabschluss einbezogen werden mssen.";;2015/16;AG;Jahresabschluss;WIBERA
"(3) Die Forderungen und sonstigen Verm”gensgegenst„nde haben wie im Vorjahr eine Restlaufzeit von unter einem Jahr. Die
Forderungen gegen verbundene Unternehmen betragen 51,4 TEUR (Vorjahr 65,1 TEUR) und beziehen sich auf die offenen
Rechnungen gegenber den Gemeindewerken Garmisch-Partenkirchen. Wie im Vorjahr gibt es keine Forderungen gegen
Unternehmen, mit denen ein Beteiligungsverh„ltnis besteht."; 4.25 ;2015/16;AG;Jahresabschluss;WIBERA
"(4) In den aktiven Rechnungsabgrenzungsposten sind neben einem Disagio von 1 TEUR (Vorjahr 1 TEUR) Auszahlungen im
Berichtsjahr enthalten, die in Folgejahren zu Aufwand fhren."; 4.34,25 ;2015/16;AG;Jahresabschluss;WIBERA
Bilanz ? Passiva;;;;;
(5) Das Grundkapital ist zum 31. Oktober 2016 wie folgt eingeteilt:;;2015/16;AG;Jahresabschluss;WIBERA
"Stck EUR
Aktien ohne Vorzugsrecht 12.140.000 12.140.000
Aktien mit Vorzugsrecht 2.000.000 2.000.000
14.140.000 14.140.000"; 4.38,24 ;2015/16;AG;Jahresabschluss;WIBERA
"Das Grundkapital ist demnach in 12.140.000 auf den Inhaber lautende Stckaktien ohne Vorzugsrecht und 2.000.000 auf den
Inhaber lautende Stckaktien mit Vorzugsrecht mit einem anteiligen Betrag am Grundkapital in H”he von 1 EUR eingeteilt."; 4.38,24 ;2015/16;AG;Jahresabschluss;WIBERA
Die Aktien werden seit Juli 2007 zu 100 % von den Gemeindewerken Garmisch-Partenkirchen gehalten.; 4.38,24 ;2015/16;AG;Jahresabschluss;WIBERA
(6) Die Kapitalrcklage betr„gt 10.251 TEUR (Vorjahr 10.251 TEUR).; 4.39 ;2015/16;AG;Jahresabschluss;WIBERA
"(7) Die unter Gewinnrcklagen ausgewiesene gesetzliche Rcklage ist ? unter Einbeziehung der Kapitalrcklage ? voll dotiert
(unver„ndert 614 TEUR). Die anderen Gewinnrcklagen werden gegenber dem Vorjahr unver„ndert mit 1.712 TEUR ausgewiesen."; 4.40 ;2015/16;AG;Jahresabschluss;WIBERA
(8) Der Bilanzverlust entwickelte sich wie folgt:;;2015/16;AG;Jahresabschluss;WIBERA
"31.10.2016
EUR
Vorjahr
TEUR
Bilanzverlust Vorjahr -6.675.794 -6.866
Jahresberschuss 374.071 190
Vortrag -6.301.723 -6.676"; 72,78 ;2015/16;AG;Jahresabschluss;WIBERA
"(9) Die Rckstellungen fr Pensionen betreffen 18 laufende Pensionen (Vorjahr 5). Die Differenz ist auf die šbernahme der
Verpflichtung aus der aufgel”sten Kreuzeckbahn Untersttzungskasse zurckzufhren. Anwartschaften bestehen keine. Die
Rckstellungen sind mit dem nach versicherungsmathematischen Grunds„tzen ermittelten Zinssatz von 4,06 % p. a. auf Basis der
""Richttafeln 2005 G"" von Dr. Klaus Heubeck angesetzt."; 4.48,41 ;2015/16;AG;Jahresabschluss;WIBERA
"(10) Die sonstigen Rckstellungen werden unter anderem fr unterlassene Instandhaltungen (1.457 TEUR, Vorjahr 914 TEUR),
fr Personalverpflichtungen (Gratifikationen, šberstunden, Resturlaub, Dienstjubil„en u. a. (1.418 TEUR, Vorjahr 1.308 TEUR), fr
Verpflichtungen gegenber Dritten (1.348 TEUR, Vorjahr 916 TEUR), fr Rckbauverpflichtungen (1.091 TEUR, Vorjahr 506 TEUR),
fr Beitr„ge, Abgaben und Versicherungen (968 TEUR, Vorjahr 870 TEUR), fr ausstehende Rechnungen (220 TEUR, Vorjahr 109
TEUR) und fr Prfungs-, Beratungs- und Abschlusskosten (43 TEUR, Vorjahr 44 TEUR) gebildet."; 4.50,47 ;2015/16;AG;Jahresabschluss;WIBERA
(11) Angaben ber Restlaufzeiten, Umfang und Art der Besicherung zeigt folgender Verbindlichkeitenspiegel:;;2015/16;AG;Jahresabschluss;WIBERA
"31.10.2016 Vorjahr
davon mit einer Restlaufzeit Restlaufzeit
Gesamt
TEUR
< 1 Jahr
TEUR
>5 Jahre
TEUR
< 1 Jahr
TEUR
31.10.2016 Vorjahr
davon mit einer Restlaufzeit Restlaufzeit
Gesamt
TEUR
< 1 Jahr
TEUR
>5 Jahre
TEUR
< 1 Jahr
TEUR
Verbindlichkeiten
gegenber Kreditinstituten 1.549 867 69 1.015
aus erhaltenen Anzahlungen 935 935 - 863
aus Lieferungen und Leistungen 4.020 4.020 - 3.039
gegenber verbundenen Unternehmen 46.248 4.100 28.972 5.589
gegenber Beteiligungsunternehmen 4 4 - 2
sonstige Verbindlichkeiten 621 621 - 485
Gesamt 53.377 10.547 29.041 10.993"; 4.51,49,50 ;2015/16;AG;Jahresabschluss;WIBERA
"Von den Verbindlichkeiten gegenber verbundenen Unternehmen in H”he von 46.248 TEUR (Vorjahr 23.927 TEUR) sind 45.654 TEUR
(Vorjahr 23.738 TEUR) auf Darlehen und 593 TEUR (Vorjahr 189 TEUR) auf Verbindlichkeiten aus Lieferungen und Leistungen
zurckzufhren. Die Verbindlichkeiten gegenber Unternehmen, mit denen ein Beteiligungsverh„ltnis besteht, resultierten aus
Lieferungs- und Leistungsbeziehungen mit der Eibsee-Verkehrsgesellschaft mbH & Co. KG."; 4.51,6 ;2015/16;AG;Jahresabschluss;WIBERA
"Fr die Verbindlichkeiten gegenber Kreditinstituten und verbundenen Unternehmen bestehen Sicherheiten durch Grundschulden von
nominal 19,9 Mio. EUR (Vorjahr 19,9 Mio. EUR). Davon wurden 8,6 Mio. EUR (Vorjahr 8,6 Mio. EUR) an Kreditinstitute gew„hrt und
11,3 Mio. EUR (Vorjahr 11,3 Mio. EUR) an verbundene Unternehmen. Des Weiteren bestehen die blichen Eigentumsvorbehalte im
Zusammenhang mit den Liefer- und Leistungsverbindlichkeiten."; 4.51 ;2015/16;AG;Jahresabschluss;WIBERA
"Die Einnahmen aus den Verk„ufen der Saisonskip„sse und Veranstaltungen sind wie in den Vorjahren als Anzahlungen gebucht (484
TEUR, Vorjahr 422 TEUR)."; 4.55 ;2015/16;AG;Jahresabschluss;WIBERA
"Die sonstigen Verbindlichkeiten in H”he von 621 TEUR (Vorjahr 485 TEUR) beinhalten unver„ndert ein Darlehen bei den Technischen
Werken Farchant (250 TEUR)."; 4.60 ;2015/16;AG;Jahresabschluss;WIBERA
Forderungen und Verbindlichkeiten in Fremdw„hrungen bestehen zum Bilanzstichtag nicht.; 4 ;2015/16;AG;Jahresabschluss;WIBERA
Gewinn- und Verlustrechnung;;2015/16;AG;Jahresabschluss;WIBERA
(12) Die Umsatzerl”se teilen sich wie folgt auf:;;2015/16;AG;Jahresabschluss;WIBERA
"01.11.2015 - 31.10.2016 Vorjahr
TEUR % TEUR %
Erl”se aus Personenverkehr
Zugspitze 19.510 48,1% 17.269 46,0%
Garmisch-Classic 12.558 31,0% 12.719 33,8%
Wank 1.609 4,0% 1.355 3,6%
Sonstige 1.103 2,7% 1.136 3,0%
Gastronomie 5.776 14,2% 5.120 13,6%
Umsatzerl”se 40.556 100,0% 37.599 100,0%"; 4.66,58 ;2015/16;AG;Jahresabschluss;WIBERA
"(13) In den sonstigen betrieblichen Ertr„gen sind unter anderem Ertr„ge aus Blockheizkraftwerk (1.049 TEUR, Vorjahr 1.166
TEUR), Ausgleichsbetr„ge und Zuschsse (560 TEUR, Vorjahr 445 TEUR), Weiterverrechnungen von Leistungen und Material (306
TEUR, Vorjahr 542 TEUR) und Versicherungsleistungen und -entsch„digungen (301 TEUR, Vorjahr 110 TEUR) enthalten. Als
wesentliche periodenfremde Ertr„ge sind Anlagenabgangsgewinne (164 TEUR, Vorjahr 71 TEUR) ausgewiesen."; 4.69,65 ;2015/16;AG;Jahresabschluss;WIBERA
W„hrungsgewinne wurden in H”he von 2 TEUR (Vorjahr 2 TEUR) erzielt. Die W„hrungsumrechnung erfolgte tageskursbezogen.; 4.69,67 ;2015/16;AG;Jahresabschluss;WIBERA
"(14) Im sonstigen betrieblichen Aufwand sind Verluste aus W„hrungsgesch„ften in H”he von 2 TEUR (Vorjahr 0 TEUR)
enthalten."; 4.80,67 ;2015/16;AG;Jahresabschluss;WIBERA
(15) Im Zinsaufwand sind Aufwendungen aus der Aufzinsung der Rckstellung in H”he von 82 TEUR (Vorjahr 96 TEUR) enthalten.; 4.88,66 ;2015/16;AG;Jahresabschluss;WIBERA
"(16) In den Abschreibungen sind (wie im Vorjahr) keine auáerplanm„áigen Abschreibungen von immateriellen
Verm”gensgegenst„nden enthalten."; 4.78 ;2015/16;AG;Jahresabschluss;WIBERA
"(17) Das Honorar der Abschlussprfer betrug im Gesch„ftsjahr 2015/2016 25 TEUR, davon wurden 15 TEUR fr die
Abschlussprfung, 7 TEUR fr die Steuerberatung und 3 TEUR fr sonstige Prfungs- und Beratungsleistungen gebucht."; 89 ;2015/16;AG;Jahresabschluss;WIBERA
IV. Sonstige Angaben;;2015/16;AG;Jahresabschluss;WIBERA
1. Organe;;2015/16;AG;Jahresabschluss;WIBERA
Aufsichtsrat;;2015/16;AG;Jahresabschluss;WIBERA
"Dr. Sigrid Meierhofer, Garmisch-Partenkirchen, Vorsitzende
1. Brgermeisterin, Markt Garmisch-Partenkirchen
Wodan Lichtmeá, Oberau, Stv. Vorsitzender
Vorstand, Gemeindewerke Garmisch-Partenkirchen
Markus Brenner, Grainau
Arbeitnehmer-Vertreter, Stv. Betriebsleiter Lifte Garmisch-Classic
Bernhard Hbner, Oberau
Arbeitnehmer-Vertreter, Stv. Betriebsleiter Kreuzeckbahn
Klaus Fischer, Farchant
Arbeitnehmer-Vertreter, Leiter Logistik und Information
Elisabeth Koch, Garmisch-Partenkirchen
Rechtsanw„ltin, selbstst„ndig
Florian Hilleprandt, Garmisch-Partenkirchen
Steuerberater, selbstst„ndig
Christian Neureuther, Garmisch-Partenkirchen
Gesch„ftsfhrer, Mittermaier-Neureuther GmbH, Garmisch-
Partenkirchen
Alois Maderspacher, Garmisch-Partenkirchen
Schreinermeister, selbstst„ndig"; 102 ;2015/16;AG;Jahresabschluss;WIBERA
Vorstand;;2015/16;AG;Jahresabschluss;WIBERA
"Dipl.-Ing. Peter Huber, Garmisch-Partenkirchen, technischer Vorstand
Dipl.-Betriebswirt (FH) Matthias Stauch, Oberau, kaufm„nnischer
Vorstand"; 102 ;2015/16;AG;Jahresabschluss;WIBERA
Die Gesamtbezge des Vorstands beliefen sich auf 294 TEUR.; 103 ;2015/16;AG;Jahresabschluss;WIBERA
"Die Vergtungen an frhere Mitglieder des Vorstands und deren Hinterbliebene betrugen 125 TEUR. Die fr frhere Mitglieder des
Vorstands und deren Hinterbliebene gebildete Pensionsrckstellung betr„gt am Bilanzstichtag 1.552 TEUR."; 111 ;2015/16;AG;Jahresabschluss;WIBERA
Die Gesamtbezge der Mitglieder des Aufsichtsrats betrugen 31 TEUR.; 103 ;2015/16;AG;Jahresabschluss;WIBERA
2. Personal;;2015/16;AG;Jahresabschluss;WIBERA
Im Jahresdurchschnitt (nach õ 267 HGB) wurden besch„ftigt:; 80 ;2015/16;AG;Jahresabschluss;WIBERA
"2015/2016 Vorjahr
Angestellte 127 125
Gewerbliche Arbeitnehmer 198 197
Mitarbeiter 325 322"; 80 ;2015/16;AG;Jahresabschluss;WIBERA
3. Sonstige finanzielle Verpflichtungen;;2015/16;AG;Jahresabschluss;WIBERA
"Sonstige finanzielle Verpflichtungen bestehen im Rahmen von Miet- und Leasingvertr„gen, die im folgenden Umfang gebucht
wurden:"; 83 ;2015/16;AG;Jahresabschluss;WIBERA
"2015/2016
EUR
Vorjahr
EUR
2015/2016
EUR
Vorjahr
EUR
Leasing Hausbergbahn (Gemeindewerke) 619.095 619.095
Pacht Blockheizkraftwerk (Gemeindewerke) 594.000 594.000
Leasing Sonnenkarbahn (Gemeindewerke) 454.008 454.008
šbrige 65.109 75.162
1.732.212 1.742.265"; 83 ;2015/16;AG;Jahresabschluss;WIBERA
"Gegenber verbundenen Unternehmen bestehen sonstige finanzielle Verpflichtungen an Pachtzahlungen von insgesamt 1.667 TEUR
(Vorjahr 1.667 TEUR)."; 83 ;2015/16;AG;Jahresabschluss;WIBERA
"In den Folgejahren ist konstant von folgenden Verpflichtungen aus Pacht- und Leasingvertr„gen (ohne preisindexabh„ngige
nderungen) auszugehen:"; 83 ;2015/16;AG;Jahresabschluss;WIBERA
"2016/2017
TEUR
Folgeperioden
TEUR p.a.
Leasing Hausbergbahn (Gemeindewerke) 619 619
Pacht Blockheizkraftwerk (Gemeindewerke) 594 594
Leasing Sonnenkarbahn (Gemeindewerke) 473 473
šbrige 70 70
1.756 1.756"; 83 ;2015/16;AG;Jahresabschluss;WIBERA
"Das Bestellobligo aus begonnenen Investitions- und Instandhaltungsvorhaben betr„gt zum Bilanzstichtag 26,0 Mio. EUR. Darin sind
u. a. Bestellungen fr den Neubau Seilbahn Zugspitze (21,7 Mio. EUR) und eine neue Berglokomotive (0,6 Mio. EUR) enthalten."; 83 ;2015/16;AG;Jahresabschluss;WIBERA
Haftungsverh„ltnisse wurden nicht eingegangen.;;2015/16;AG;Jahresabschluss;WIBERA
4. Gesch„fte mit nahestehenden Personen;;2015/16;AG;Jahresabschluss;WIBERA
"Mit Vertrag vom 5./6. M„rz 2014 wurde der Bayerischen Zugspitzbahn von den Gemeindewerken das Blockheizkraftwerk in der
Breitenau zur Nutzung berlassen. Das Heizwerk ist stromseitig unmittelbar an die Energieverteilungsanlagen der Bayerischen
Zugspitzbahn und mittelbar an das Elektrizit„tsversorgungsnetz der allgemeinen Versorgung angeschlossen, welches derzeit von der
Bayernwerk AG betrieben wird. Die mit der Energieerzeugungsanlage erzeugte W„rme verkauft die Bayerische Zugspitzbahn auf
Grundlage eines separaten W„rmeliefervertrages an die Gemeindewerke Garmisch-Partenkirchen. Die Stromeigenerzeugung der
Bayerischen Zugspitzbahn erfolgt auch unter Nutzung des Stromnetzes der allgemeinen Versorgung. Die Bilanzierung der
Strommengen (Eigenverbrauch, šberschuss- sowie Zusatz- und Reservestrom) erfolgt aufgrund eines separaten
Strombilanzierungsvertrages. Auf dessen Grundlage wird die Bayerische Zugspitzbahn etwaigen šberschussstrom an die
Gemeindewerke und/oder Dritte ver„uáern und Zusatz- und Reservestrom von den Gemeindewerken und/oder Dritten beziehen. Die
Ertr„ge aus dem BHKW von insgesamt 1.049 TEUR (Vorjahr 1.166 TEUR) werden im sonstigen betrieblichen Ertrag ausgewiesen. Die
Gasbezugskosten fr das BHKW belasten den Materialaufwand nach der Verrechnung mit Gutschriften fr den Eigenverbrauch mit
insgesamt 612 TEUR (Vorjahr 811 TEUR). Im sonstigen betrieblichen Aufwand ist das Entgelt fr die Nutzungsberlassung des
Heizkraftwerks in unver„nderter H”he von 594 TEUR enthalten. Weiterhin liefern die Gemeindewerke an die BZB den zus„tzlich
ben”tigten Strom, der nicht durch das BHKW erzeugt werden kann, in H”he von 316 TEUR (Vorjahr 322 TEUR)."; 100 ;2015/16;AG;Jahresabschluss;WIBERA
Garmisch-Partenkirchen, 30. Januar 2016;;2015/16;AG;Jahresabschluss;WIBERA
DER VORSTAND;;2015/16;AG;Jahresabschluss;WIBERA
Dipl.-Ing. Peter Huber;;2015/16;AG;Jahresabschluss;WIBERA
Dipl.-Betriebswirt (FH) Matthias Stauch;;2015/16;AG;Jahresabschluss;WIBERA
Entwicklung des Anlageverm”gens;;2015/16;AG;Jahresabschluss;WIBERA
"AHK
Vortrag
?
Zug„nge
?
Abg„nge
? U
Umgliederung
Umbuchung
31.10.2016
?
I. Immaterielle Verm”gensgegenst„nde
1. Nutzungsrechte 98.972,30 0,00 0,00 0,00 98.972,30
2. EDV-Programme 733.492,79 81.483,50 86.947,23 0,00 728.029,06
3. Gesch„fts-/Firmenwert 1.763.000,00 0,00 0,00 0,00 1.763.000,00
2.595.465,09 81.483,50 86.947,23 0,00 2.590.001,36
II. Sachanlagen
1. Grundstcke, grundstcksgleiche Rechte
einschlieáliche Bauten auf fremden
Grundstcken
a) Gesch„fts-, Betriebs- und andere Bauten 61.799.503,54 1.149.199,32 12.698,99 0,00 62.936.003,87
b) Bahnk”rper und Bauten des
Schienenwegs
5.911.155,72 0,00 0,00 0,00 5.911.155,72
2. Gleisanlagen, Streckenausrstung,
Sicherungs- und Stromversorgungs- anlagen
6.570.843,44 200.638,25 0,00 0,00 6.771.481,69
3. Fahrzeuge fr Personen- und
Gterverkehr
14.856.906,68 0,00 0,00 0,00 14.856.906,68
4. Maschinen und maschinelle Anlagen, die
nicht zu Nr. 2 und 3 geh”ren
57.693.196,07 55.353,10 0,00 280.263,17 58.028.812,34
5. Andere Anlagen, Betriebs- und
Gesch„ftsausstattung
19.976.013,84 2.039.405,75 484.611,70 0,00 21.530.807,89
6. Geleistete Anzahlungen und Anlagen im
Bau
10.090.901,16 18.493.349,38 49.410,08 -280.263,17 28.254.577,29
176.898.520,45 21.937.945,80 546.720,77 0,00 198.289.745,48
III. Finanzanlagen
1. Anteile an verbundenen Unternehmen 25.564,59 0,00 0,00 0,00 25.564,59
2. Beteiligungen 63.629,19 0,00 0,00 0,00 63.629,19
3. Sonstige Ausleihungen 153,39 0,00 0,00 0,00 153,39
89.347,17 0,00 0,00 0,00 89.347,17
AHK
Vortrag
?
Zug„nge
?
Abg„nge
? U
Umgliederung
Umbuchung
31.10.2016
?
179.583.332,71 22.019.429,30 633.668,00 0,00 200.969.094,01
AfA
Vortrag
?
Zug„nge
?
Abg„nge
?
Umbuchung
?
31.10.2016
?
I. Immaterielle Verm”gensgegenst„nde
1. Nutzungsrechte 47.495,30 7.183,00 0,00 0,00 54.678,30
2. EDV-Programme 513.827,72 80.259,15 86.919,23 0,00 507.167,64
3. Gesch„fts-/Firmenwert 1.230.431,00 220.373,00 0,00 0,00 1.450.804,00
1.791.754,02 307.815,15 86.919,23 0,00 2.012.649,94
II. Sachanlagen
1. Grundstcke, grundstcksgleiche Rechte
einschlieáliche Bauten auf fremden Grundstcken
a) Gesch„fts-, Betriebs- und andere Bauten 40.464.198,51 1.586.210,00 0,00 0,00 42.050.408,51
b) Bahnk”rper und Bauten des Schienenwegs 5.867.449,37 0,00 0,00 0,00 5.867.449,37
2. Gleisanlagen, Streckenausrstung, Sicherungsund
Stromversorgungs- anlagen
5.216.168,11 152.760,00 0,00 0,00 5.368.928,11
3. Fahrzeuge fr Personen- und Gterverkehr 12.865.312,21 307.537,00 0,00 0,00 13.172.849,21
4. Maschinen und maschinelle Anlagen, die nicht zu
Nr. 2 und 3 geh”ren
43.910.864,54 2.181.799,63 0,00 0,00 46.092.664,17
5. Andere Anlagen, Betriebs- und
Gesch„ftsausstattung
15.012.390,71 1.670.280,58 471.760,55 0,00 16.210.910,74
6. Geleistete Anzahlungen und Anlagen im Bau 0,00 0,00 0,00 0,00 0,00
123.336.383,45 5.898.587,21 471.760,55 0,00 128.763.210,11
III. Finanzanlagen
1. Anteile an verbundenen Unternehmen 0,00 0,00 0,00 0,00 0,00
2. Beteiligungen 0,00 0,00 0,00 0,00 0,00
3. Sonstige Ausleihungen 0,00 0,00 0,00 0,00 0,00
0,00 0,00 0,00 0,00 0,00
125.128.137,47 6.206.402,36 558.679,78 0,00 130.775.860,05
Buchwert
31.10.2016
?
Vorjahr
?
I. Immaterielle Verm”gensgegenst„nde
1. Nutzungsrechte 44.294,00 51.477,00
2. EDV-Programme 220.861,42 219.665,07
3. Gesch„fts-/Firmenwert 312.196,00 532.569,00
577.351,42 803.711,07
II. Sachanlagen
1. Grundstcke, grundstcksgleiche Rechte einschlieáliche Bauten auf fremden Grundstcken
a) Gesch„fts-, Betriebs- und andere Bauten 20.885.595,36 21.335.305,03
b) Bahnk”rper und Bauten des Schienenwegs 43.706,35 43.706,35
2. Gleisanlagen, Streckenausrstung, Sicherungs- und Stromversorgungs- anlagen 1.402.553,58 1.354.675,33
3. Fahrzeuge fr Personen- und Gterverkehr 1.684.057,47 1.991.594,47
4. Maschinen und maschinelle Anlagen, die nicht zu Nr. 2 und 3 geh”ren 11.936.148,17 13.782.331,53
5. Andere Anlagen, Betriebs- und Gesch„ftsausstattung 5.319.897,15 4.963.623,13
6. Geleistete Anzahlungen und Anlagen im Bau 28.254.577,29 10.090.901,16
69.526.535,37 53.562.137,00
III. Finanzanlagen
1. Anteile an verbundenen Unternehmen 25.564,59 25.564,59
2. Beteiligungen 63.629,19 63.629,19
3. Sonstige Ausleihungen 153,39 153,39
89.347,17 89.347,17
70.193.233,96 54.455.195,24"; 2,15 ;2015/16;AG;Jahresabschluss;WIBERA
;;;;;
;;;;;
;;;;;
;;;;;
;;;;;
;;;;;
;;;;;
;;;;;
;;;;;
;;;;;
;;;;;
;;;;;
;;;;;
;;;;;
;;;;;
;;;;;
;;;;;
;;;;;
;;;;;
;;;;;
;;;;;
;;;;;
;;;;;
;;;;;
;;;;;
;;;;;
;;;;;
;;;;;
;;;;;
;;;;;
;;;;;
;;;;;
;;;;;
;;;;;
;;;;;
;;;;;
;;;;;
